id,first_name,last_name,email,gender
1,Julie,Snyder,jsnyder0@dion.ne.jp,Female
2,Keith,Griffin,kgriffin1@prnewswire.com,Male
3,Kimberly,Cox,kcox2@shinystat.com,Female
4,Howard,Price,hprice3@hexun.com,Male
5,Charles,Dunn,cdunn4@redcross.org,Male
6,Janet,Jordan,jjordan5@yellowpages.com,Female
7,Jessica,Dunn,jdunn6@cocolog-nifty.com,Female
8,Shirley,Collins,scollins7@1688.com,Female
9,Alan,Ferguson,aferguson8@va.gov,Male
10,Virginia,Campbell,vcampbell9@amazon.de,Female
11,Wanda,Hunter,whuntera@princeton.edu,Female
12,Matthew,Wells,mwellsb@webmd.com,Male
13,Robin,Perkins,rperkinsc@friendfeed.com,Female
14,Thomas,Banks,tbanksd@nature.com,Male
15,Susan,Day,sdaye@icq.com,Female
16,Jean,Banks,jbanksf@istockphoto.com,Female
17,Brandon,Wagner,bwagnerg@google.com,Male
18,Ruth,Weaver,rweaverh@ezinearticles.com,Female
19,Steven,Smith,ssmithi@hubpages.com,Male
20,Donna,Kelley,dkelleyj@quantcast.com,Female
21,Diana,Peters,dpetersk@sourceforge.net,Female
22,Christopher,Gilbert,cgilbertl@google.cn,Male
23,Walter,Meyer,wmeyerm@opensource.org,Male
24,Tammy,Little,tlittlen@msu.edu,Female
25,Joseph,Graham,jgrahamo@people.com.cn,Male
26,Mildred,Price,mpricep@buzzfeed.com,Female
27,Nicole,Holmes,nholmesq@craigslist.org,Female
28,Nicholas,Campbell,ncampbellr@meetup.com,Male
29,Lawrence,Ward,lwards@ning.com,Male
30,Elizabeth,Morales,emoralest@4shared.com,Female
31,Daniel,Walker,dwalkeru@seattletimes.com,Male
32,Mildred,Gutierrez,mgutierrezv@nasa.gov,Female
33,Bonnie,Long,blongw@goo.gl,Female
34,Alan,Moreno,amorenox@parallels.com,Male
35,Martha,Mason,mmasony@about.me,Female
36,Margaret,Jordan,mjordanz@miitbeian.gov.cn,Female
37,Eugene,Burns,eburns10@wisc.edu,Male
38,Angela,Richardson,arichardson11@discuz.net,Female
39,Kathleen,Turner,kturner12@netlog.com,Female
40,Barbara,Williams,bwilliams13@cam.ac.uk,Female
41,Gloria,Webb,gwebb14@ed.gov,Female
42,Christine,Larson,clarson15@privacy.gov.au,Female
43,Joshua,Reed,jreed16@ow.ly,Male
44,Ashley,Arnold,aarnold17@gov.uk,Female
45,Martha,Montgomery,mmontgomery18@vkontakte.ru,Female
46,Phyllis,Greene,pgreene19@wisc.edu,Female
47,Theresa,Morales,tmorales1a@huffingtonpost.com,Female
48,Diane,Duncan,dduncan1b@hc360.com,Female
49,Julia,Lawson,jlawson1c@columbia.edu,Female
50,Jonathan,Romero,jromero1d@rediff.com,Male
51,Roy,Robertson,rrobertson1e@google.pl,Male
52,Adam,Morris,amorris1f@apache.org,Male
53,Deborah,Riley,driley1g@pen.io,Female
54,Clarence,Carr,ccarr1h@lycos.com,Male
55,Phyllis,Jacobs,pjacobs1i@google.ca,Female
56,Brandon,Jenkins,bjenkins1j@desdev.cn,Male
57,Steven,Lewis,slewis1k@howstuffworks.com,Male
58,Randy,Jackson,rjackson1l@dyndns.org,Male
59,Raymond,Russell,rrussell1m@biglobe.ne.jp,Male
60,Gerald,Tucker,gtucker1n@vistaprint.com,Male
61,Michael,King,mking1o@usgs.gov,Male
62,Jose,Ross,jross1p@rambler.ru,Male
63,Amanda,Murphy,amurphy1q@wikimedia.org,Female
64,Anne,Williamson,awilliamson1r@squarespace.com,Female
65,Ashley,King,aking1s@howstuffworks.com,Female
66,Rachel,Mills,rmills1t@mail.ru,Female
67,Joe,Diaz,jdiaz1u@paypal.com,Male
68,Benjamin,Austin,baustin1v@who.int,Male
69,Doris,Morris,dmorris1w@e-recht24.de,Female
70,Keith,Ferguson,kferguson1x@liveinternet.ru,Male
71,Daniel,Nguyen,dnguyen1y@webmd.com,Male
72,Ruth,Patterson,rpatterson1z@sbwire.com,Female
73,Kenneth,Simpson,ksimpson20@disqus.com,Male
74,Mary,Grant,mgrant21@redcross.org,Female
75,Teresa,Murphy,tmurphy22@usgs.gov,Female
76,Linda,Bennett,lbennett23@cnn.com,Female
77,Sean,Kelly,skelly24@ucoz.ru,Male
78,Walter,Hughes,whughes25@amazonaws.com,Male
79,Robert,Robertson,rrobertson26@microsoft.com,Male
80,Sarah,Gutierrez,sgutierrez27@usa.gov,Female
81,Donald,Brooks,dbrooks28@elpais.com,Male
82,Emily,Nichols,enichols29@g.co,Female
83,Deborah,Crawford,dcrawford2a@oakley.com,Female
84,Tammy,Garcia,tgarcia2b@ox.ac.uk,Female
85,Lawrence,Burns,lburns2c@xing.com,Male
86,Jeffrey,Porter,jporter2d@house.gov,Male
87,Phyllis,James,pjames2e@storify.com,Female
88,Steven,Marshall,smarshall2f@ifeng.com,Male
89,Harold,Oliver,holiver2g@chronoengine.com,Male
90,Craig,Castillo,ccastillo2h@clickbank.net,Male
91,Paul,Marshall,pmarshall2i@statcounter.com,Male
92,Mark,Moreno,mmoreno2j@japanpost.jp,Male
93,Frances,Shaw,fshaw2k@dell.com,Female
94,Rachel,Willis,rwillis2l@woothemes.com,Female
95,Nicholas,Brown,nbrown2m@slate.com,Male
96,Mary,Dunn,mdunn2n@home.pl,Female
97,Daniel,Sanchez,dsanchez2o@whitehouse.gov,Male
98,Denise,Stone,dstone2p@ibm.com,Female
99,Theresa,Powell,tpowell2q@biglobe.ne.jp,Female
100,Joan,Graham,jgraham2r@amazon.com,Female
101,Helen,Carroll,hcarroll2s@discuz.net,Female
102,Cheryl,Richardson,crichardson2t@netscape.com,Female
103,Larry,Thompson,lthompson2u@t-online.de,Male
104,Joseph,Lopez,jlopez2v@fema.gov,Male
105,Peter,Castillo,pcastillo2w@toplist.cz,Male
106,Ruby,Lawrence,rlawrence2x@ehow.com,Female
107,Shirley,Porter,sporter2y@google.ru,Female
108,Christina,Alvarez,calvarez2z@nbcnews.com,Female
109,Ruby,Ellis,rellis30@eepurl.com,Female
110,Donna,Meyer,dmeyer31@admin.ch,Female
111,Alice,Jackson,ajackson32@fc2.com,Female
112,Nicole,Hamilton,nhamilton33@chronoengine.com,Female
113,Gregory,Morgan,gmorgan34@exblog.jp,Male
114,Annie,Nguyen,anguyen35@fda.gov,Female
115,Joseph,Ryan,jryan36@bizjournals.com,Male
116,Brandon,Schmidt,bschmidt37@japanpost.jp,Male
117,Larry,Black,lblack38@oakley.com,Male
118,Susan,Walker,swalker39@pinterest.com,Female
119,Margaret,Oliver,moliver3a@infoseek.co.jp,Female
120,Jason,Sanders,jsanders3b@cbsnews.com,Male
121,Denise,Greene,dgreene3c@fastcompany.com,Female
122,Jacqueline,Nichols,jnichols3d@domainmarket.com,Female
123,Brandon,Scott,bscott3e@joomla.org,Male
124,George,Duncan,gduncan3f@ed.gov,Male
125,Emily,Williams,ewilliams3g@cdbaby.com,Female
126,Ryan,Morales,rmorales3h@google.nl,Male
127,Laura,Hansen,lhansen3i@prnewswire.com,Female
128,Ronald,Fisher,rfisher3j@nbcnews.com,Male
129,Lillian,Myers,lmyers3k@ihg.com,Female
130,Melissa,Garcia,mgarcia3l@unicef.org,Female
131,David,Meyer,dmeyer3m@businessinsider.com,Male
132,Doris,Flores,dflores3n@bing.com,Female
133,Teresa,Wood,twood3o@nps.gov,Female
134,Paula,Sullivan,psullivan3p@google.co.jp,Female
135,Andrea,Perry,aperry3q@arizona.edu,Female
136,Steve,Henry,shenry3r@nba.com,Male
137,Emily,Nichols,enichols3s@wired.com,Female
138,Angela,Butler,abutler3t@answers.com,Female
139,Daniel,Kelley,dkelley3u@simplemachines.org,Male
140,Clarence,Baker,cbaker3v@jiathis.com,Male
141,Maria,Owens,mowens3w@t-online.de,Female
142,Steven,Ortiz,sortiz3x@chicagotribune.com,Male
143,Andrew,Turner,aturner3y@google.com.hk,Male
144,Philip,Lawson,plawson3z@artisteer.com,Male
145,Albert,Ross,aross40@hatena.ne.jp,Male
146,Lawrence,Carter,lcarter41@redcross.org,Male
147,Walter,Little,wlittle42@1und1.de,Male
148,Helen,Hunter,hhunter43@pagesperso-orange.fr,Female
149,Gary,Henderson,ghenderson44@tumblr.com,Male
150,Jennifer,Bell,jbell45@facebook.com,Female
151,Rachel,Sanders,rsanders46@soup.io,Female
152,Kelly,Simmons,ksimmons47@ftc.gov,Female
153,Beverly,Hunter,bhunter48@fotki.com,Female
154,Raymond,Rodriguez,rrodriguez49@gnu.org,Male
155,Lillian,Harvey,lharvey4a@shop-pro.jp,Female
156,Virginia,Pierce,vpierce4b@miitbeian.gov.cn,Female
157,Christina,Johnson,cjohnson4c@sciencedirect.com,Female
158,Russell,Duncan,rduncan4d@scribd.com,Male
159,Melissa,Rogers,mrogers4e@comsenz.com,Female
160,Ruby,Walker,rwalker4f@irs.gov,Female
161,Jonathan,Weaver,jweaver4g@unesco.org,Male
162,Samuel,Carr,scarr4h@lycos.com,Male
163,Shawn,Hart,shart4i@bing.com,Male
164,Jerry,Wilson,jwilson4j@globo.com,Male
165,Ernest,Murray,emurray4k@mapquest.com,Male
166,Russell,Mendoza,rmendoza4l@state.tx.us,Male
167,Philip,Hunter,phunter4m@cisco.com,Male
168,Jeffrey,Collins,jcollins4n@va.gov,Male
169,Walter,Williams,wwilliams4o@tinyurl.com,Male
170,Jean,Gibson,jgibson4p@statcounter.com,Female
171,William,Fuller,wfuller4q@ed.gov,Male
172,Jesse,Palmer,jpalmer4r@netlog.com,Male
173,Terry,Walker,twalker4s@imdb.com,Male
174,Denise,Kelley,dkelley4t@dropbox.com,Female
175,Keith,Nguyen,knguyen4u@aboutads.info,Male
176,Anna,Gilbert,agilbert4v@usnews.com,Female
177,Sean,Peterson,speterson4w@google.com.br,Male
178,Paula,Fox,pfox4x@goo.gl,Female
179,James,Bishop,jbishop4y@blogs.com,Male
180,Michael,Garza,mgarza4z@sbwire.com,Male
181,Howard,Kim,hkim50@shop-pro.jp,Male
182,Jimmy,Hamilton,jhamilton51@cnn.com,Male
183,Stephen,Barnes,sbarnes52@cdbaby.com,Male
184,Albert,Berry,aberry53@alexa.com,Male
185,Denise,Kelley,dkelley54@cdbaby.com,Female
186,Annie,Cunningham,acunningham55@tmall.com,Female
187,Carl,Owens,cowens56@examiner.com,Male
188,Todd,Greene,tgreene57@angelfire.com,Male
189,Lois,Rodriguez,lrodriguez58@nytimes.com,Female
190,Heather,Fox,hfox59@narod.ru,Female
191,Jimmy,Bailey,jbailey5a@opensource.org,Male
192,Sharon,Garza,sgarza5b@state.tx.us,Female
193,Chris,Burton,cburton5c@google.com.br,Male
194,Todd,Reyes,treyes5d@geocities.jp,Male
195,Carol,Ray,cray5e@auda.org.au,Female
196,Benjamin,Shaw,bshaw5f@si.edu,Male
197,Anne,Scott,ascott5g@nih.gov,Female
198,Marilyn,Riley,mriley5h@auda.org.au,Female
199,Todd,Howard,thoward5i@1688.com,Male
200,Carolyn,Hicks,chicks5j@wiley.com,Female
201,Earl,Ryan,eryan5k@usatoday.com,Male
202,Linda,Bishop,lbishop5l@posterous.com,Female
203,Christina,Dunn,cdunn5m@mac.com,Female
204,Patrick,Simpson,psimpson5n@php.net,Male
205,Lois,Williams,lwilliams5o@imageshack.us,Female
206,Linda,Reynolds,lreynolds5p@delicious.com,Female
207,Jeremy,Lee,jlee5q@list-manage.com,Male
208,Susan,Martin,smartin5r@prnewswire.com,Female
209,Benjamin,Brown,bbrown5s@google.pl,Male
210,Ernest,Price,eprice5t@aol.com,Male
211,Steven,Kelly,skelly5u@intel.com,Male
212,Randy,Medina,rmedina5v@parallels.com,Male
213,Ronald,Peters,rpeters5w@ebay.co.uk,Male
214,Benjamin,Cooper,bcooper5x@acquirethisname.com,Male
215,Pamela,Hunter,phunter5y@technorati.com,Female
216,Judith,Payne,jpayne5z@merriam-webster.com,Female
217,Timothy,Elliott,telliott60@flavors.me,Male
218,Sean,Cook,scook61@mashable.com,Male
219,Eugene,Barnes,ebarnes62@sbwire.com,Male
220,Cheryl,Morris,cmorris63@slideshare.net,Female
221,Benjamin,Warren,bwarren64@biglobe.ne.jp,Male
222,Carolyn,Armstrong,carmstrong65@163.com,Female
223,Johnny,Ramos,jramos66@gizmodo.com,Male
224,Andrea,Lopez,alopez67@squidoo.com,Female
225,Earl,Jones,ejones68@issuu.com,Male
226,Helen,Payne,hpayne69@nhs.uk,Female
227,Kathy,Morrison,kmorrison6a@washingtonpost.com,Female
228,Beverly,Hansen,bhansen6b@nba.com,Female
229,Sharon,Duncan,sduncan6c@ifeng.com,Female
230,Linda,Powell,lpowell6d@smugmug.com,Female
231,Amanda,Weaver,aweaver6e@globo.com,Female
232,Donna,Perry,dperry6f@discovery.com,Female
233,Victor,Cunningham,vcunningham6g@rakuten.co.jp,Male
234,Mark,Bryant,mbryant6h@naver.com,Male
235,Jonathan,Bishop,jbishop6i@tumblr.com,Male
236,Kevin,Walker,kwalker6j@answers.com,Male
237,Marilyn,Elliott,melliott6k@epa.gov,Female
238,Arthur,Cunningham,acunningham6l@europa.eu,Male
239,Frank,Stephens,fstephens6m@mail.ru,Male
240,Ruth,Banks,rbanks6n@java.com,Female
241,Richard,Grant,rgrant6o@disqus.com,Male
242,Jack,Perry,jperry6p@loc.gov,Male
243,Kimberly,Bradley,kbradley6q@fda.gov,Female
244,Tina,Lawrence,tlawrence6r@narod.ru,Female
245,Maria,Dixon,mdixon6s@vinaora.com,Female
246,Rebecca,Roberts,rroberts6t@upenn.edu,Female
247,Lori,Stevens,lstevens6u@canalblog.com,Female
248,Teresa,Turner,tturner6v@answers.com,Female
249,Joan,Sullivan,jsullivan6w@sakura.ne.jp,Female
250,Jonathan,Lane,jlane6x@bbb.org,Male
251,Patricia,Peterson,ppeterson6y@google.co.jp,Female
252,Timothy,Green,tgreen6z@last.fm,Male
253,Douglas,Sullivan,dsullivan70@earthlink.net,Male
254,Diana,Foster,dfoster71@mediafire.com,Female
255,Nicole,Peterson,npeterson72@sourceforge.net,Female
256,Elizabeth,Henry,ehenry73@msu.edu,Female
257,Janice,Adams,jadams74@hao123.com,Female
258,Beverly,White,bwhite75@hhs.gov,Female
259,Timothy,Murphy,tmurphy76@simplemachines.org,Male
260,Larry,Brown,lbrown77@wix.com,Male
261,Roy,Montgomery,rmontgomery78@moonfruit.com,Male
262,Alan,Dunn,adunn79@so-net.ne.jp,Male
263,Walter,Marshall,wmarshall7a@tiny.cc,Male
264,Lillian,Johnston,ljohnston7b@buzzfeed.com,Female
265,Jean,Lynch,jlynch7c@stumbleupon.com,Female
266,Tammy,Russell,trussell7d@wiley.com,Female
267,Elizabeth,Watson,ewatson7e@lycos.com,Female
268,Douglas,Thompson,dthompson7f@guardian.co.uk,Male
269,Harold,Williams,hwilliams7g@bbc.co.uk,Male
270,Ralph,Wright,rwright7h@zimbio.com,Male
271,Jerry,Mills,jmills7i@ucoz.ru,Male
272,Lori,Adams,ladams7j@redcross.org,Female
273,William,Perry,wperry7k@mit.edu,Male
274,Sarah,Grant,sgrant7l@wix.com,Female
275,Douglas,Walker,dwalker7m@amazonaws.com,Male
276,Randy,Washington,rwashington7n@techcrunch.com,Male
277,Roy,Hicks,rhicks7o@indiatimes.com,Male
278,George,Lynch,glynch7p@eepurl.com,Male
279,Anne,Harris,aharris7q@walmart.com,Female
280,Harry,Nguyen,hnguyen7r@craigslist.org,Male
281,Tammy,Flores,tflores7s@last.fm,Female
282,William,Phillips,wphillips7t@washington.edu,Male
283,Daniel,Stanley,dstanley7u@51.la,Male
284,Nicole,Larson,nlarson7v@zdnet.com,Female
285,Chris,Armstrong,carmstrong7w@zdnet.com,Male
286,Daniel,Ruiz,druiz7x@google.de,Male
287,Kelly,Dean,kdean7y@cnbc.com,Female
288,Stephen,Patterson,spatterson7z@bluehost.com,Male
289,Raymond,Murray,rmurray80@admin.ch,Male
290,Antonio,Gomez,agomez81@craigslist.org,Male
291,Craig,Sims,csims82@mozilla.org,Male
292,Christine,Russell,crussell83@umich.edu,Female
293,Brandon,Burton,bburton84@ed.gov,Male
294,Fred,Murphy,fmurphy85@va.gov,Male
295,Jack,Wagner,jwagner86@google.co.uk,Male
296,Jeremy,Fowler,jfowler87@disqus.com,Male
297,Carol,Alvarez,calvarez88@eepurl.com,Female
298,Steve,Hernandez,shernandez89@shareasale.com,Male
299,Brian,Johnston,bjohnston8a@tamu.edu,Male
300,Todd,Reid,treid8b@slate.com,Male
301,Juan,Hayes,jhayes8c@go.com,Male
302,Frank,Bryant,fbryant8d@engadget.com,Male
303,Philip,Thomas,pthomas8e@webs.com,Male
304,Pamela,Pierce,ppierce8f@cdc.gov,Female
305,Christina,Nichols,cnichols8g@hc360.com,Female
306,Harold,Howard,hhoward8h@sciencedaily.com,Male
307,Steven,Chapman,schapman8i@live.com,Male
308,Sara,Nelson,snelson8j@paypal.com,Female
309,Patrick,Webb,pwebb8k@chron.com,Male
310,Shirley,Wright,swright8l@fema.gov,Female
311,Ryan,Daniels,rdaniels8m@cloudflare.com,Male
312,Lisa,Moore,lmoore8n@admin.ch,Female
313,Ernest,Bell,ebell8o@networksolutions.com,Male
314,Carolyn,Garrett,cgarrett8p@fastcompany.com,Female
315,Johnny,Williams,jwilliams8q@imgur.com,Male
316,Sarah,Jacobs,sjacobs8r@amazon.co.jp,Female
317,Angela,Sanders,asanders8s@kickstarter.com,Female
318,Janice,Hunter,jhunter8t@indiatimes.com,Female
319,Alan,Peterson,apeterson8u@globo.com,Male
320,Amy,Fuller,afuller8v@google.de,Female
321,Cheryl,Marshall,cmarshall8w@imageshack.us,Female
322,Bonnie,Flores,bflores8x@psu.edu,Female
323,Ernest,Powell,epowell8y@wired.com,Male
324,Louise,Hudson,lhudson8z@ca.gov,Female
325,Christine,Stanley,cstanley90@blogs.com,Female
326,Brenda,Kelly,bkelly91@example.com,Female
327,Chris,Henderson,chenderson92@ox.ac.uk,Male
328,Howard,Dunn,hdunn93@mediafire.com,Male
329,Antonio,Stone,astone94@t.co,Male
330,William,Arnold,warnold95@sohu.com,Male
331,Amy,Parker,aparker96@discuz.net,Female
332,Robert,Wilson,rwilson97@xrea.com,Male
333,Christine,Collins,ccollins98@ow.ly,Female
334,Ronald,Nichols,rnichols99@shop-pro.jp,Male
335,Kathy,Collins,kcollins9a@reuters.com,Female
336,Rose,Spencer,rspencer9b@smugmug.com,Female
337,Steve,Sullivan,ssullivan9c@wordpress.org,Male
338,Gerald,Ray,gray9d@g.co,Male
339,Martha,Gibson,mgibson9e@ustream.tv,Female
340,Frank,Walker,fwalker9f@upenn.edu,Male
341,Debra,Perkins,dperkins9g@wisc.edu,Female
342,Jean,Rivera,jrivera9h@wikimedia.org,Female
343,Wanda,Boyd,wboyd9i@si.edu,Female
344,Joyce,Howard,jhoward9j@google.fr,Female
345,Beverly,Kelly,bkelly9k@mashable.com,Female
346,Robin,Boyd,rboyd9l@myspace.com,Female
347,Albert,Day,aday9m@thetimes.co.uk,Male
348,Ruth,Gilbert,rgilbert9n@answers.com,Female
349,Steve,Ferguson,sferguson9o@disqus.com,Male
350,Annie,Cruz,acruz9p@forbes.com,Female
351,Kathryn,Banks,kbanks9q@uiuc.edu,Female
352,Lori,Watson,lwatson9r@purevolume.com,Female
353,Keith,Phillips,kphillips9s@alexa.com,Male
354,Jerry,George,jgeorge9t@comsenz.com,Male
355,Kenneth,Garza,kgarza9u@businessinsider.com,Male
356,Jose,Hernandez,jhernandez9v@marriott.com,Male
357,Douglas,Harper,dharper9w@blog.com,Male
358,Margaret,Chavez,mchavez9x@slideshare.net,Female
359,Nicole,Moreno,nmoreno9y@apple.com,Female
360,Joshua,Sanchez,jsanchez9z@tamu.edu,Male
361,Rachel,Wells,rwellsa0@w3.org,Female
362,Donald,Knight,dknighta1@tumblr.com,Male
363,Paula,Porter,pportera2@skyrock.com,Female
364,Norma,Brown,nbrowna3@joomla.org,Female
365,Ryan,Russell,rrussella4@sciencedirect.com,Male
366,Gerald,Morris,gmorrisa5@nyu.edu,Male
367,Sara,Meyer,smeyera6@nature.com,Female
368,Andrea,Arnold,aarnolda7@github.io,Female
369,Jeremy,Porter,jportera8@reuters.com,Male
370,Aaron,Sanchez,asancheza9@biglobe.ne.jp,Male
371,Sara,Rodriguez,srodriguezaa@creativecommons.org,Female
372,Rose,Carr,rcarrab@weather.com,Female
373,Bruce,Wilson,bwilsonac@seattletimes.com,Male
374,Brenda,Larson,blarsonad@spiegel.de,Female
375,Elizabeth,Ruiz,eruizae@nsw.gov.au,Female
376,Adam,Alexander,aalexanderaf@mail.ru,Male
377,Jean,Hansen,jhansenag@smugmug.com,Female
378,Jessica,Rice,jriceah@pen.io,Female
379,Lawrence,Jenkins,ljenkinsai@goo.gl,Male
380,Harold,Day,hdayaj@dedecms.com,Male
381,Frank,Gomez,fgomezak@usda.gov,Male
382,Arthur,Harrison,aharrisonal@php.net,Male
383,Wanda,Berry,wberryam@huffingtonpost.com,Female
384,Patricia,Weaver,pweaveran@independent.co.uk,Female
385,Debra,Reyes,dreyesao@cloudflare.com,Female
386,Carlos,Daniels,cdanielsap@amazon.co.uk,Male
387,Ruth,Cunningham,rcunninghamaq@eventbrite.com,Female
388,Ruth,Patterson,rpattersonar@bandcamp.com,Female
389,Ann,Nelson,anelsonas@reference.com,Female
390,Albert,Palmer,apalmerat@cbsnews.com,Male
391,Aaron,Harrison,aharrisonau@ebay.com,Male
392,Jennifer,Perez,jperezav@china.com.cn,Female
393,Kathy,Sanders,ksandersaw@youtube.com,Female
394,Andrew,Flores,afloresax@shinystat.com,Male
395,Rebecca,Graham,rgrahamay@example.com,Female
396,Rebecca,Carr,rcarraz@people.com.cn,Female
397,Victor,Fuller,vfullerb0@usgs.gov,Male
398,Phillip,Simmons,psimmonsb1@ezinearticles.com,Male
399,Kenneth,Larson,klarsonb2@51.la,Male
400,Randy,Reed,rreedb3@shinystat.com,Male
401,Beverly,Olson,bolsonb4@ted.com,Female
402,Albert,Jenkins,ajenkinsb5@slate.com,Male
403,Angela,Jordan,ajordanb6@ibm.com,Female
404,Sharon,White,swhiteb7@wunderground.com,Female
405,Andrew,Hamilton,ahamiltonb8@soundcloud.com,Male
406,Dorothy,Cox,dcoxb9@elpais.com,Female
407,Tina,Gonzalez,tgonzalezba@apple.com,Female
408,Bonnie,Gomez,bgomezbb@cisco.com,Female
409,Tina,Frazier,tfrazierbc@alibaba.com,Female
410,Doris,Reid,dreidbd@gizmodo.com,Female
411,Thomas,Hicks,thicksbe@opera.com,Male
412,Heather,Harvey,hharveybf@tiny.cc,Female
413,Johnny,Hayes,jhayesbg@samsung.com,Male
414,Shawn,Schmidt,sschmidtbh@weebly.com,Male
415,Kevin,Stanley,kstanleybi@deviantart.com,Male
416,Phillip,Nelson,pnelsonbj@people.com.cn,Male
417,Samuel,Welch,swelchbk@wikia.com,Male
418,Donna,Moreno,dmorenobl@about.com,Female
419,Joe,Ortiz,jortizbm@theguardian.com,Male
420,Aaron,Roberts,arobertsbn@vk.com,Male
421,Jeremy,Wheeler,jwheelerbo@furl.net,Male
422,Sean,Flores,sfloresbp@taobao.com,Male
423,Ernest,Frazier,efrazierbq@uol.com.br,Male
424,Julie,Webb,jwebbbr@weather.com,Female
425,Jose,Mccoy,jmccoybs@1688.com,Male
426,Doris,Jacobs,djacobsbt@eventbrite.com,Female
427,John,Wilson,jwilsonbu@skype.com,Male
428,Irene,Burke,iburkebv@loc.gov,Female
429,Ann,Armstrong,aarmstrongbw@google.it,Female
430,Kathy,Evans,kevansbx@people.com.cn,Female
431,Lori,Weaver,lweaverby@nsw.gov.au,Female
432,Brenda,Mendoza,bmendozabz@netscape.com,Female
433,Jennifer,Rodriguez,jrodriguezc0@printfriendly.com,Female
434,Brenda,Rivera,briverac1@wikipedia.org,Female
435,Billy,Nguyen,bnguyenc2@creativecommons.org,Male
436,Virginia,Hunter,vhunterc3@amazon.co.uk,Female
437,Bobby,Allen,ballenc4@godaddy.com,Male
438,Shawn,Daniels,sdanielsc5@nymag.com,Male
439,Anne,Edwards,aedwardsc6@cdbaby.com,Female
440,Katherine,Rice,kricec7@furl.net,Female
441,Brian,Daniels,bdanielsc8@discovery.com,Male
442,Tammy,Gilbert,tgilbertc9@guardian.co.uk,Female
443,Kimberly,Evans,kevansca@paypal.com,Female
444,Ruth,Brown,rbrowncb@networkadvertising.org,Female
445,Janet,Patterson,jpattersoncc@mlb.com,Female
446,Heather,Collins,hcollinscd@nytimes.com,Female
447,Bonnie,Dixon,bdixonce@ustream.tv,Female
448,Richard,Schmidt,rschmidtcf@whitehouse.gov,Male
449,Jane,Hernandez,jhernandezcg@google.de,Female
450,Dorothy,Ward,dwardch@phpbb.com,Female
451,Joyce,Ray,jrayci@csmonitor.com,Female
452,Carol,Carroll,ccarrollcj@java.com,Female
453,Jose,Foster,jfosterck@mayoclinic.com,Male
454,Matthew,Howell,mhowellcl@answers.com,Male
455,Lori,Riley,lrileycm@elegantthemes.com,Female
456,Keith,Fields,kfieldscn@chicagotribune.com,Male
457,Eugene,Powell,epowellco@symantec.com,Male
458,Nicholas,Black,nblackcp@pagesperso-orange.fr,Male
459,Deborah,Cole,dcolecq@privacy.gov.au,Female
460,Paula,Stephens,pstephenscr@vkontakte.ru,Female
461,David,Grant,dgrantcs@nifty.com,Male
462,Matthew,Robertson,mrobertsonct@bloomberg.com,Male
463,Raymond,Montgomery,rmontgomerycu@fda.gov,Male
464,Lisa,Sims,lsimscv@pcworld.com,Female
465,Steve,Boyd,sboydcw@admin.ch,Male
466,Alice,Lopez,alopezcx@feedburner.com,Female
467,Frank,Ramos,framoscy@webnode.com,Male
468,Ashley,Simpson,asimpsoncz@360.cn,Female
469,Lori,Morgan,lmorgand0@behance.net,Female
470,Emily,Carroll,ecarrolld1@hud.gov,Female
471,Lillian,Griffin,lgriffind2@typepad.com,Female
472,Sean,Stevens,sstevensd3@fema.gov,Male
473,Chris,Mcdonald,cmcdonaldd4@msu.edu,Male
474,Bruce,Wagner,bwagnerd5@newsvine.com,Male
475,Sharon,Gutierrez,sgutierrezd6@adobe.com,Female
476,Gary,Evans,gevansd7@hexun.com,Male
477,Dennis,Bailey,dbaileyd8@github.com,Male
478,Aaron,Gomez,agomezd9@issuu.com,Male
479,Shirley,Peters,spetersda@microsoft.com,Female
480,Heather,Dunn,hdunndb@google.com,Female
481,Anna,Carroll,acarrolldc@google.co.jp,Female
482,Walter,Reid,wreiddd@list-manage.com,Male
483,Deborah,Carter,dcarterde@whitehouse.gov,Female
484,Tina,Jordan,tjordandf@wix.com,Female
485,Jonathan,Ross,jrossdg@narod.ru,Male
486,Laura,Holmes,lholmesdh@etsy.com,Female
487,Lawrence,Cooper,lcooperdi@nih.gov,Male
488,Clarence,Thomas,cthomasdj@timesonline.co.uk,Male
489,Patricia,Bailey,pbaileydk@epa.gov,Female
490,Judy,Hall,jhalldl@live.com,Female
491,Carol,Wilson,cwilsondm@studiopress.com,Female
492,Laura,Schmidt,lschmidtdn@mysql.com,Female
493,Willie,Thomas,wthomasdo@smugmug.com,Male
494,Jane,Jackson,jjacksondp@sohu.com,Female
495,James,Evans,jevansdq@arstechnica.com,Male
496,Maria,Flores,mfloresdr@deviantart.com,Female
497,Margaret,Riley,mrileyds@craigslist.org,Female
498,Emily,Garrett,egarrettdt@flavors.me,Female
499,Harry,Long,hlongdu@taobao.com,Male
500,Doris,Dixon,ddixondv@nature.com,Female
501,Ruby,West,rwestdw@ow.ly,Female
502,Kevin,Andrews,kandrewsdx@tinyurl.com,Male
503,Emily,Gordon,egordondy@amazon.co.uk,Female
504,Bobby,Hayes,bhayesdz@oakley.com,Male
505,Lisa,Evans,levanse0@craigslist.org,Female
506,Pamela,Allen,pallene1@bloomberg.com,Female
507,Nicole,Hansen,nhansene2@bluehost.com,Female
508,Mark,Wagner,mwagnere3@blog.com,Male
509,Daniel,Richardson,drichardsone4@gmpg.org,Male
510,Denise,Carroll,dcarrolle5@rakuten.co.jp,Female
511,Alice,Murray,amurraye6@surveymonkey.com,Female
512,Sara,Austin,saustine7@ebay.co.uk,Female
513,Scott,Morales,smoralese8@goo.gl,Male
514,Robert,Mills,rmillse9@creativecommons.org,Male
515,Alan,Murphy,amurphyea@fc2.com,Male
516,Gary,Mason,gmasoneb@squarespace.com,Male
517,Kathy,Butler,kbutlerec@earthlink.net,Female
518,Charles,Lopez,clopezed@ustream.tv,Male
519,Jacqueline,Nelson,jnelsonee@wisc.edu,Female
520,Cynthia,Brooks,cbrooksef@un.org,Female
521,Shawn,Palmer,spalmereg@geocities.com,Male
522,Carlos,Stanley,cstanleyeh@i2i.jp,Male
523,Ruth,Ryan,rryanei@posterous.com,Female
524,Thomas,Mills,tmillsej@zdnet.com,Male
525,Alice,Roberts,arobertsek@google.com.au,Female
526,Samuel,Alexander,salexanderel@google.co.jp,Male
527,Marilyn,Moore,mmooreem@cbsnews.com,Female
528,Justin,Stone,jstoneen@discovery.com,Male
529,Howard,Rogers,hrogerseo@phpbb.com,Male
530,Diane,Austin,daustinep@ucoz.ru,Female
531,Deborah,Matthews,dmatthewseq@nature.com,Female
532,Joan,Bishop,jbishoper@usgs.gov,Female
533,Sarah,Gonzalez,sgonzalezes@chicagotribune.com,Female
534,Bonnie,Roberts,brobertset@instagram.com,Female
535,Diane,Foster,dfostereu@youku.com,Female
536,Wayne,Castillo,wcastilloev@rambler.ru,Male
537,Chris,Perez,cperezew@bloomberg.com,Male
538,Ernest,Stephens,estephensex@hexun.com,Male
539,Gary,Lawson,glawsoney@tiny.cc,Male
540,Martin,Lynch,mlynchez@sourceforge.net,Male
541,Martin,Howell,mhowellf0@sciencedirect.com,Male
542,Jason,Wood,jwoodf1@tamu.edu,Male
543,Frances,Johnston,fjohnstonf2@nymag.com,Female
544,Jerry,Williams,jwilliamsf3@cocolog-nifty.com,Male
545,Donald,Ford,dfordf4@parallels.com,Male
546,Billy,Chavez,bchavezf5@whitehouse.gov,Male
547,Diane,Watson,dwatsonf6@thetimes.co.uk,Female
548,Matthew,Harvey,mharveyf7@upenn.edu,Male
549,Wayne,Reed,wreedf8@google.com,Male
550,Judith,Brown,jbrownf9@xing.com,Female
551,Ashley,Garrett,agarrettfa@cnbc.com,Female
552,Diane,Daniels,ddanielsfb@reverbnation.com,Female
553,Andrea,Green,agreenfc@wired.com,Female
554,Marie,Hamilton,mhamiltonfd@google.co.jp,Female
555,Beverly,Perkins,bperkinsfe@elegantthemes.com,Female
556,Phyllis,Myers,pmyersff@technorati.com,Female
557,Robin,Howell,rhowellfg@elpais.com,Female
558,Arthur,Hamilton,ahamiltonfh@furl.net,Male
559,Victor,Owens,vowensfi@alibaba.com,Male
560,Rebecca,Dunn,rdunnfj@admin.ch,Female
561,Linda,Arnold,larnoldfk@posterous.com,Female
562,Sandra,West,swestfl@simplemachines.org,Female
563,Matthew,James,mjamesfm@shop-pro.jp,Male
564,Susan,Crawford,scrawfordfn@ning.com,Female
565,Cynthia,Sanders,csandersfo@pen.io,Female
566,Maria,Sanchez,msanchezfp@scientificamerican.com,Female
567,Harold,King,hkingfq@google.cn,Male
568,Jerry,Pierce,jpiercefr@dailymotion.com,Male
569,Jane,Hanson,jhansonfs@amazon.co.uk,Female
570,Michael,Murray,mmurrayft@elpais.com,Male
571,Joseph,Allen,jallenfu@home.pl,Male
572,Brandon,Martin,bmartinfv@about.com,Male
573,Annie,Lane,alanefw@surveymonkey.com,Female
574,Teresa,Matthews,tmatthewsfx@nasa.gov,Female
575,Jane,Powell,jpowellfy@bloglovin.com,Female
576,Janet,Ford,jfordfz@gov.uk,Female
577,Sara,Chapman,schapmang0@state.tx.us,Female
578,Richard,Jacobs,rjacobsg1@guardian.co.uk,Male
579,Sarah,Lee,sleeg2@nbcnews.com,Female
580,Lori,Lane,llaneg3@va.gov,Female
581,John,Lopez,jlopezg4@tuttocitta.it,Male
582,Richard,Lawrence,rlawrenceg5@microsoft.com,Male
583,David,Woods,dwoodsg6@friendfeed.com,Male
584,Jerry,Fisher,jfisherg7@army.mil,Male
585,Craig,Armstrong,carmstrongg8@senate.gov,Male
586,Patrick,Duncan,pduncang9@cnet.com,Male
587,Martin,Young,myoungga@china.com.cn,Male
588,Justin,Ortiz,jortizgb@goo.gl,Male
589,Wanda,Arnold,warnoldgc@techcrunch.com,Female
590,Harry,Stephens,hstephensgd@chron.com,Male
591,Chris,Bell,cbellge@yelp.com,Male
592,Michael,Scott,mscottgf@amazon.de,Male
593,Frances,Harvey,fharveygg@google.pl,Female
594,Cheryl,Hunter,chuntergh@smugmug.com,Female
595,Amanda,Gonzalez,agonzalezgi@blogger.com,Female
596,Wanda,Martinez,wmartinezgj@google.it,Female
597,Scott,Bailey,sbaileygk@issuu.com,Male
598,Andrea,Russell,arussellgl@spiegel.de,Female
599,Brandon,Young,byounggm@deviantart.com,Male
600,Marilyn,Romero,mromerogn@opensource.org,Female
601,Karen,Turner,kturnergo@salon.com,Female
602,Frances,Gonzales,fgonzalesgp@geocities.com,Female
603,Judith,Perkins,jperkinsgq@lulu.com,Female
604,Sara,Hill,shillgr@yahoo.co.jp,Female
605,Ralph,Edwards,redwardsgs@amazon.co.jp,Male
606,Justin,Jacobs,jjacobsgt@imageshack.us,Male
607,Pamela,Murphy,pmurphygu@soup.io,Female
608,Theresa,Wilson,twilsongv@xinhuanet.com,Female
609,Bonnie,Wilson,bwilsongw@prnewswire.com,Female
610,Angela,Bell,abellgx@stanford.edu,Female
611,Louise,Scott,lscottgy@networkadvertising.org,Female
612,Julia,Wells,jwellsgz@friendfeed.com,Female
613,Phyllis,Ford,pfordh0@ehow.com,Female
614,Paula,Brooks,pbrooksh1@webeden.co.uk,Female
615,Matthew,Duncan,mduncanh2@google.com.br,Male
616,Julia,Brooks,jbrooksh3@ask.com,Female
617,Jesse,Pierce,jpierceh4@narod.ru,Male
618,Edward,Marshall,emarshallh5@wunderground.com,Male
619,Louis,Griffin,lgriffinh6@weebly.com,Male
620,Harry,Watkins,hwatkinsh7@prlog.org,Male
621,Kathy,Nelson,knelsonh8@berkeley.edu,Female
622,Steven,Washington,swashingtonh9@wunderground.com,Male
623,Ryan,Chavez,rchavezha@mac.com,Male
624,Jean,Marshall,jmarshallhb@shareasale.com,Female
625,Anthony,Alexander,aalexanderhc@washingtonpost.com,Male
626,Howard,Gordon,hgordonhd@cnn.com,Male
627,Victor,Sims,vsimshe@webnode.com,Male
628,Carol,Chavez,cchavezhf@state.tx.us,Female
629,Mildred,Mccoy,mmccoyhg@techcrunch.com,Female
630,Alice,Parker,aparkerhh@cnbc.com,Female
631,Wayne,Riley,wrileyhi@nytimes.com,Male
632,Fred,Morales,fmoraleshj@imageshack.us,Male
633,Samuel,Russell,srussellhk@fda.gov,Male
634,Harry,Thomas,hthomashl@dailymail.co.uk,Male
635,Gary,Hunter,ghunterhm@blogger.com,Male
636,Louise,Reyes,lreyeshn@mozilla.org,Female
637,Carl,Tucker,ctuckerho@angelfire.com,Male
638,Kevin,Martin,kmartinhp@marriott.com,Male
639,Gary,Henderson,ghendersonhq@over-blog.com,Male
640,Gregory,Bryant,gbryanthr@canalblog.com,Male
641,James,Fernandez,jfernandezhs@addtoany.com,Male
642,Annie,Murphy,amurphyht@xing.com,Female
643,Elizabeth,Martin,emartinhu@about.com,Female
644,Julia,Mills,jmillshv@nifty.com,Female
645,Ann,Dixon,adixonhw@earthlink.net,Female
646,Helen,Hernandez,hhernandezhx@over-blog.com,Female
647,Thomas,Oliver,toliverhy@ask.com,Male
648,Harry,Kim,hkimhz@noaa.gov,Male
649,Jennifer,Wheeler,jwheeleri0@lulu.com,Female
650,Sara,George,sgeorgei1@ihg.com,Female
651,Debra,Gonzalez,dgonzalezi2@foxnews.com,Female
652,Kathy,Flores,kfloresi3@dailymail.co.uk,Female
653,Nicole,Gomez,ngomezi4@php.net,Female
654,Julia,Barnes,jbarnesi5@harvard.edu,Female
655,Harold,James,hjamesi6@storify.com,Male
656,Phillip,Wells,pwellsi7@smh.com.au,Male
657,Joe,Snyder,jsnyderi8@myspace.com,Male
658,Charles,Medina,cmedinai9@cnet.com,Male
659,Donna,Burton,dburtonia@loc.gov,Female
660,Marie,Garrett,mgarrettib@admin.ch,Female
661,Karen,Shaw,kshawic@rambler.ru,Female
662,Kenneth,West,kwestid@google.nl,Male
663,Lisa,Diaz,ldiazie@skype.com,Female
664,Kenneth,Williams,kwilliamsif@sourceforge.net,Male
665,John,Bowman,jbowmanig@spiegel.de,Male
666,Anne,Franklin,afranklinih@vistaprint.com,Female
667,Willie,Knight,wknightii@slate.com,Male
668,Debra,Jones,djonesij@xinhuanet.com,Female
669,Patricia,Lynch,plynchik@walmart.com,Female
670,Kathleen,Chavez,kchavezil@livejournal.com,Female
671,Tina,Morales,tmoralesim@weebly.com,Female
672,Joyce,Hicks,jhicksin@drupal.org,Female
673,Jeffrey,Wagner,jwagnerio@columbia.edu,Male
674,Craig,Gardner,cgardnerip@cocolog-nifty.com,Male
675,Mildred,Willis,mwillisiq@i2i.jp,Female
676,Patrick,Johnston,pjohnstonir@indiatimes.com,Male
677,Shirley,Wallace,swallaceis@wiley.com,Female
678,Antonio,Garcia,agarciait@chron.com,Male
679,Thomas,Ray,trayiu@comsenz.com,Male
680,Jeffrey,Bailey,jbaileyiv@e-recht24.de,Male
681,Benjamin,Sanders,bsandersiw@ca.gov,Male
682,Adam,Wright,awrightix@youtu.be,Male
683,Gloria,Frazier,gfrazieriy@msu.edu,Female
684,Sandra,Payne,spayneiz@i2i.jp,Female
685,Jose,Fox,jfoxj0@vimeo.com,Male
686,Ralph,Nguyen,rnguyenj1@dailymotion.com,Male
687,Eugene,Cole,ecolej2@comsenz.com,Male
688,Lisa,Moore,lmoorej3@bloglovin.com,Female
689,Lawrence,Lawson,llawsonj4@deviantart.com,Male
690,David,Cruz,dcruzj5@nytimes.com,Male
691,Carolyn,Green,cgreenj6@mapquest.com,Female
692,Roy,Ramirez,rramirezj7@cnet.com,Male
693,Steven,Hunt,shuntj8@howstuffworks.com,Male
694,Larry,Lee,lleej9@hud.gov,Male
695,David,Snyder,dsnyderja@1688.com,Male
696,Michael,Murray,mmurrayjb@sciencedirect.com,Male
697,Jennifer,Little,jlittlejc@walmart.com,Female
698,Barbara,Stephens,bstephensjd@google.fr,Female
699,Jennifer,Jackson,jjacksonje@multiply.com,Female
700,Brian,Mills,bmillsjf@google.com.br,Male
701,Martin,Collins,mcollinsjg@vistaprint.com,Male
702,Cynthia,Lewis,clewisjh@fda.gov,Female
703,Katherine,Johnson,kjohnsonji@wp.com,Female
704,Christopher,Williams,cwilliamsjj@ow.ly,Male
705,Eric,Kelley,ekelleyjk@alexa.com,Male
706,Lori,Martin,lmartinjl@sciencedaily.com,Female
707,Shawn,Morris,smorrisjm@amazon.de,Male
708,Christina,Kelley,ckelleyjn@dyndns.org,Female
709,Todd,Banks,tbanksjo@thetimes.co.uk,Male
710,Kelly,Moore,kmoorejp@stumbleupon.com,Female
711,Ashley,Snyder,asnyderjq@msn.com,Female
712,Judith,Watkins,jwatkinsjr@sbwire.com,Female
713,Lois,Simpson,lsimpsonjs@mayoclinic.com,Female
714,Kevin,Cunningham,kcunninghamjt@odnoklassniki.ru,Male
715,Heather,Hunter,hhunterju@google.ru,Female
716,Victor,Riley,vrileyjv@java.com,Male
717,Larry,Howard,lhowardjw@g.co,Male
718,Stephen,Owens,sowensjx@elpais.com,Male
719,Stephanie,Greene,sgreenejy@craigslist.org,Female
720,Laura,Baker,lbakerjz@wp.com,Female
721,Dennis,White,dwhitek0@google.co.jp,Male
722,Ashley,Graham,agrahamk1@wunderground.com,Female
723,John,Sanchez,jsanchezk2@ibm.com,Male
724,Michael,Diaz,mdiazk3@ox.ac.uk,Male
725,Phyllis,Hunter,phunterk4@smugmug.com,Female
726,Doris,Greene,dgreenek5@yandex.ru,Female
727,Charles,Duncan,cduncank6@google.it,Male
728,Laura,Price,lpricek7@ed.gov,Female
729,Helen,Murray,hmurrayk8@hostgator.com,Female
730,Tina,Freeman,tfreemank9@earthlink.net,Female
731,Lawrence,Moreno,lmorenoka@livejournal.com,Male
732,Timothy,Burns,tburnskb@moonfruit.com,Male
733,Emily,Nguyen,enguyenkc@blogs.com,Female
734,Kathryn,Thomas,kthomaskd@zimbio.com,Female
735,Ashley,Mcdonald,amcdonaldke@twitter.com,Female
736,Patrick,Smith,psmithkf@ted.com,Male
737,Rachel,Woods,rwoodskg@zdnet.com,Female
738,Pamela,Thompson,pthompsonkh@wikimedia.org,Female
739,Jack,Owens,jowenski@feedburner.com,Male
740,Patricia,Cox,pcoxkj@blogger.com,Female
741,Mildred,Armstrong,marmstrongkk@mapquest.com,Female
742,Kevin,Wallace,kwallacekl@unesco.org,Male
743,Clarence,Taylor,ctaylorkm@rakuten.co.jp,Male
744,Mary,Watkins,mwatkinskn@foxnews.com,Female
745,Anthony,Sims,asimsko@netscape.com,Male
746,Carolyn,Smith,csmithkp@cnn.com,Female
747,Annie,Ward,awardkq@nbcnews.com,Female
748,Theresa,West,twestkr@squidoo.com,Female
749,Jerry,James,jjamesks@chronoengine.com,Male
750,Philip,Adams,padamskt@sourceforge.net,Male
751,Diane,Freeman,dfreemanku@indiatimes.com,Female
752,Steven,Peterson,spetersonkv@yahoo.com,Male
753,Diane,Hanson,dhansonkw@npr.org,Female
754,Pamela,Larson,plarsonkx@senate.gov,Female
755,Tina,Gibson,tgibsonky@statcounter.com,Female
756,Bobby,Evans,bevanskz@google.com.br,Male
757,Tina,Armstrong,tarmstrongl0@jimdo.com,Female
758,Juan,Carpenter,jcarpenterl1@spiegel.de,Male
759,Christopher,Owens,cowensl2@gov.uk,Male
760,George,Hanson,ghansonl3@liveinternet.ru,Male
761,Elizabeth,Stewart,estewartl4@dailymotion.com,Female
762,Lori,Clark,lclarkl5@apple.com,Female
763,Sarah,Mendoza,smendozal6@nbcnews.com,Female
764,Janice,Brooks,jbrooksl7@drupal.org,Female
765,Sara,Hamilton,shamiltonl8@nba.com,Female
766,Christine,Bryant,cbryantl9@senate.gov,Female
767,Kelly,Morales,kmoralesla@mtv.com,Female
768,Cynthia,Long,clonglb@tuttocitta.it,Female
769,Douglas,Garrett,dgarrettlc@shop-pro.jp,Male
770,Willie,Mcdonald,wmcdonaldld@cargocollective.com,Male
771,Lois,Edwards,ledwardsle@narod.ru,Female
772,Sarah,Morrison,smorrisonlf@gmpg.org,Female
773,Christine,Daniels,cdanielslg@dailymotion.com,Female
774,Judy,Cook,jcooklh@statcounter.com,Female
775,Jose,Williamson,jwilliamsonli@twitpic.com,Male
776,Aaron,Mccoy,amccoylj@paginegialle.it,Male
777,Michelle,Kim,mkimlk@mac.com,Female
778,Christopher,Harrison,charrisonll@timesonline.co.uk,Male
779,Alice,Cole,acolelm@drupal.org,Female
780,Thomas,Hall,thallln@cisco.com,Male
781,Larry,Ruiz,lruizlo@gnu.org,Male
782,Christopher,Hudson,chudsonlp@twitter.com,Male
783,Jean,Moore,jmoorelq@alexa.com,Female
784,Christine,Spencer,cspencerlr@miitbeian.gov.cn,Female
785,Gloria,Matthews,gmatthewsls@goodreads.com,Female
786,Joe,Griffin,jgriffinlt@mlb.com,Male
787,Tina,Reynolds,treynoldslu@unesco.org,Female
788,John,Carpenter,jcarpenterlv@tmall.com,Male
789,Ashley,Fisher,afisherlw@youtu.be,Female
790,Sandra,Davis,sdavislx@123-reg.co.uk,Female
791,Angela,Mitchell,amitchellly@springer.com,Female
792,Linda,Mccoy,lmccoylz@columbia.edu,Female
793,Johnny,Stephens,jstephensm0@tripadvisor.com,Male
794,Patricia,Graham,pgrahamm1@yolasite.com,Female
795,Helen,Gomez,hgomezm2@sitemeter.com,Female
796,Joan,Berry,jberrym3@gov.uk,Female
797,George,Cole,gcolem4@intel.com,Male
798,Ralph,Olson,rolsonm5@ehow.com,Male
799,Paula,Fox,pfoxm6@weather.com,Female
800,Irene,Simpson,isimpsonm7@boston.com,Female
801,Patrick,Griffin,pgriffinm8@ezinearticles.com,Male
802,Albert,Stone,astonem9@seesaa.net,Male
803,Tina,Turner,tturnerma@deviantart.com,Female
804,Robin,Bennett,rbennettmb@ifeng.com,Female
805,Kenneth,Fisher,kfishermc@latimes.com,Male
806,George,Burton,gburtonmd@dropbox.com,Male
807,Daniel,Palmer,dpalmerme@ovh.net,Male
808,Maria,Ramos,mramosmf@china.com.cn,Female
809,Willie,Rodriguez,wrodriguezmg@usgs.gov,Male
810,Doris,Graham,dgrahammh@java.com,Female
811,Jean,Anderson,jandersonmi@meetup.com,Female
812,Wayne,Rose,wrosemj@guardian.co.uk,Male
813,Harry,Harvey,hharveymk@addtoany.com,Male
814,Gregory,Nelson,gnelsonml@toplist.cz,Male
815,Tammy,Banks,tbanksmm@weibo.com,Female
816,Steve,Parker,sparkermn@cbslocal.com,Male
817,Harry,James,hjamesmo@amazon.co.uk,Male
818,Jacqueline,Marshall,jmarshallmp@salon.com,Female
819,Louis,Greene,lgreenemq@squarespace.com,Male
820,Jose,Gutierrez,jgutierrezmr@reddit.com,Male
821,Anthony,Olson,aolsonms@domainmarket.com,Male
822,Brian,Barnes,bbarnesmt@latimes.com,Male
823,Gerald,Woods,gwoodsmu@wikimedia.org,Male
824,Peter,Kennedy,pkennedymv@yahoo.co.jp,Male
825,Amanda,Johnston,ajohnstonmw@disqus.com,Female
826,Todd,Burke,tburkemx@usda.gov,Male
827,Shawn,Hicks,shicksmy@google.cn,Male
828,Aaron,Berry,aberrymz@quantcast.com,Male
829,Daniel,Morris,dmorrisn0@youtu.be,Male
830,Kevin,Cunningham,kcunninghamn1@netscape.com,Male
831,Brandon,Chavez,bchavezn2@irs.gov,Male
832,Samuel,Hunter,shuntern3@vinaora.com,Male
833,Cynthia,Gibson,cgibsonn4@wsj.com,Female
834,Laura,Scott,lscottn5@opensource.org,Female
835,Gary,Carpenter,gcarpentern6@sogou.com,Male
836,Pamela,Thompson,pthompsonn7@edublogs.org,Female
837,Patricia,Reid,preidn8@goo.ne.jp,Female
838,Matthew,Thomas,mthomasn9@google.cn,Male
839,Helen,Gibson,hgibsonna@hibu.com,Female
840,Elizabeth,Campbell,ecampbellnb@xing.com,Female
841,Adam,Mendoza,amendozanc@fastcompany.com,Male
842,Frank,Holmes,fholmesnd@free.fr,Male
843,Philip,Moreno,pmorenone@chron.com,Male
844,Aaron,Carr,acarrnf@weibo.com,Male
845,Christine,Gordon,cgordonng@plala.or.jp,Female
846,Alan,Dunn,adunnnh@goo.gl,Male
847,David,Lynch,dlynchni@odnoklassniki.ru,Male
848,Walter,Jones,wjonesnj@narod.ru,Male
849,Ruby,Hernandez,rhernandeznk@yellowpages.com,Female
850,Howard,Watson,hwatsonnl@imageshack.us,Male
851,Paula,Ford,pfordnm@squarespace.com,Female
852,Timothy,Ruiz,truiznn@dropbox.com,Male
853,Joshua,Wheeler,jwheelerno@ezinearticles.com,Male
854,Louis,Bishop,lbishopnp@unicef.org,Male
855,Robin,Parker,rparkernq@vistaprint.com,Female
856,Justin,Roberts,jrobertsnr@nsw.gov.au,Male
857,Timothy,Wood,twoodns@google.com,Male
858,Philip,Ortiz,portiznt@salon.com,Male
859,Roy,Richards,rrichardsnu@msn.com,Male
860,Frank,Mccoy,fmccoynv@uiuc.edu,Male
861,William,Patterson,wpattersonnw@wikipedia.org,Male
862,Mary,Hunter,mhunternx@google.nl,Female
863,Carolyn,Gilbert,cgilbertny@istockphoto.com,Female
864,Teresa,Jones,tjonesnz@spiegel.de,Female
865,Keith,Ford,kfordo0@youku.com,Male
866,Jason,Moore,jmooreo1@wp.com,Male
867,John,Wood,jwoodo2@house.gov,Male
868,Evelyn,Barnes,ebarneso3@xinhuanet.com,Female
869,Wayne,Stanley,wstanleyo4@columbia.edu,Male
870,Ruth,Morgan,rmorgano5@taobao.com,Female
871,Heather,Wright,hwrighto6@springer.com,Female
872,Phillip,James,pjameso7@kickstarter.com,Male
873,Christopher,Kelley,ckelleyo8@tinyurl.com,Male
874,Harold,Phillips,hphillipso9@soundcloud.com,Male
875,Adam,Greene,agreeneoa@bbc.co.uk,Male
876,Catherine,Murray,cmurrayob@mapy.cz,Female
877,Alan,Stephens,astephensoc@globo.com,Male
878,Stephanie,Reynolds,sreynoldsod@pen.io,Female
879,Sean,Roberts,srobertsoe@mapquest.com,Male
880,Helen,Howard,hhowardof@tinypic.com,Female
881,Andrea,Pierce,apierceog@photobucket.com,Female
882,Billy,Adams,badamsoh@mlb.com,Male
883,Juan,Torres,jtorresoi@fastcompany.com,Male
884,Kathy,Hart,khartoj@unesco.org,Female
885,Michael,Lawson,mlawsonok@hugedomains.com,Male
886,Richard,Greene,rgreeneol@joomla.org,Male
887,Emily,Edwards,eedwardsom@github.io,Female
888,Helen,Burton,hburtonon@xrea.com,Female
889,Jennifer,Dunn,jdunnoo@tuttocitta.it,Female
890,Emily,Mason,emasonop@twitpic.com,Female
891,Angela,Chavez,achavezoq@umich.edu,Female
892,Robert,Hansen,rhansenor@nifty.com,Male
893,Nancy,Larson,nlarsonos@1688.com,Female
894,Julie,Nguyen,jnguyenot@woothemes.com,Female
895,Michelle,Mason,mmasonou@mtv.com,Female
896,Nicole,Matthews,nmatthewsov@github.com,Female
897,Kevin,Ruiz,kruizow@digg.com,Male
898,Christopher,Clark,cclarkox@mashable.com,Male
899,Antonio,Wallace,awallaceoy@archive.org,Male
900,Jerry,Arnold,jarnoldoz@theglobeandmail.com,Male
901,Tammy,Mason,tmasonp0@mapquest.com,Female
902,Stephen,Bennett,sbennettp1@sciencedirect.com,Male
903,Ernest,Austin,eaustinp2@163.com,Male
904,Richard,Stevens,rstevensp3@discovery.com,Male
905,Eric,Garza,egarzap4@cbslocal.com,Male
906,Stephen,Ward,swardp5@blinklist.com,Male
907,Gregory,Patterson,gpattersonp6@miitbeian.gov.cn,Male
908,Howard,Wright,hwrightp7@guardian.co.uk,Male
909,Michael,Johnston,mjohnstonp8@t-online.de,Male
910,Elizabeth,Lewis,elewisp9@mysql.com,Female
911,Phyllis,Robinson,probinsonpa@unicef.org,Female
912,Carl,Garcia,cgarciapb@surveymonkey.com,Male
913,Cheryl,Fox,cfoxpc@goodreads.com,Female
914,Shawn,Davis,sdavispd@amazon.co.uk,Male
915,Ann,Lane,alanepe@constantcontact.com,Female
916,Deborah,Allen,dallenpf@soup.io,Female
917,Adam,Palmer,apalmerpg@google.de,Male
918,Frank,Ramirez,framirezph@scientificamerican.com,Male
919,Carl,Greene,cgreenepi@google.com.au,Male
920,Benjamin,Green,bgreenpj@eventbrite.com,Male
921,Theresa,Ryan,tryanpk@rediff.com,Female
922,Frances,Ross,frosspl@wufoo.com,Female
923,Benjamin,Young,byoungpm@cdc.gov,Male
924,Anna,Carpenter,acarpenterpn@arstechnica.com,Female
925,Henry,Hudson,hhudsonpo@people.com.cn,Male
926,Ann,Berry,aberrypp@bing.com,Female
927,Michelle,Alvarez,malvarezpq@japanpost.jp,Female
928,Robert,Kelley,rkelleypr@issuu.com,Male
929,Gary,Burton,gburtonps@about.com,Male
930,Samuel,Meyer,smeyerpt@netvibes.com,Male
931,Christine,West,cwestpu@arizona.edu,Female
932,Michael,Oliver,moliverpv@google.com.br,Male
933,Catherine,Smith,csmithpw@google.com.au,Female
934,Antonio,Black,ablackpx@stumbleupon.com,Male
935,Kevin,Welch,kwelchpy@amazon.co.uk,Male
936,Justin,James,jjamespz@washingtonpost.com,Male
937,Maria,Bradley,mbradleyq0@technorati.com,Female
938,Aaron,Cox,acoxq1@wordpress.com,Male
939,Todd,Torres,ttorresq2@reddit.com,Male
940,Walter,Bennett,wbennettq3@is.gd,Male
941,Barbara,Green,bgreenq4@flavors.me,Female
942,Michael,Washington,mwashingtonq5@ehow.com,Male
943,Janet,Fisher,jfisherq6@cornell.edu,Female
944,Jack,Larson,jlarsonq7@netvibes.com,Male
945,Samuel,Lopez,slopezq8@webeden.co.uk,Male
946,Katherine,Mendoza,kmendozaq9@github.com,Female
947,Ryan,Vasquez,rvasquezqa@biblegateway.com,Male
948,Eugene,Nelson,enelsonqb@plala.or.jp,Male
949,Scott,Larson,slarsonqc@home.pl,Male
950,David,Davis,ddavisqd@goodreads.com,Male
951,Douglas,Campbell,dcampbellqe@dailymail.co.uk,Male
952,Kathleen,Miller,kmillerqf@ftc.gov,Female
953,Peter,Parker,pparkerqg@sun.com,Male
954,Adam,Taylor,ataylorqh@plala.or.jp,Male
955,Earl,Weaver,eweaverqi@aol.com,Male
956,Shirley,Mason,smasonqj@accuweather.com,Female
957,Dennis,Diaz,ddiazqk@state.gov,Male
958,Richard,Carroll,rcarrollql@howstuffworks.com,Male
959,Martin,Webb,mwebbqm@w3.org,Male
960,Lawrence,Chapman,lchapmanqn@com.com,Male
961,Charles,Fuller,cfullerqo@samsung.com,Male
962,Irene,Vasquez,ivasquezqp@apple.com,Female
963,Jason,Gomez,jgomezqq@usda.gov,Male
964,Melissa,Simmons,msimmonsqr@e-recht24.de,Female
965,Deborah,Medina,dmedinaqs@ustream.tv,Female
966,Julia,Boyd,jboydqt@123-reg.co.uk,Female
967,Phillip,Watson,pwatsonqu@globo.com,Male
968,Kenneth,Fisher,kfisherqv@craigslist.org,Male
969,Annie,Gordon,agordonqw@google.pl,Female
970,Jeffrey,Greene,jgreeneqx@barnesandnoble.com,Male
971,Annie,Warren,awarrenqy@state.tx.us,Female
972,Lois,Davis,ldavisqz@networksolutions.com,Female
973,Timothy,Greene,tgreener0@unblog.fr,Male
974,Amy,Austin,aaustinr1@gizmodo.com,Female
975,Jose,Phillips,jphillipsr2@miitbeian.gov.cn,Male
976,Jesse,Frazier,jfrazierr3@w3.org,Male
977,Rose,Oliver,roliverr4@youtube.com,Female
978,Sarah,Henry,shenryr5@wikia.com,Female
979,Lillian,Matthews,lmatthewsr6@miitbeian.gov.cn,Female
980,Norma,Castillo,ncastillor7@sitemeter.com,Female
981,Juan,Harris,jharrisr8@berkeley.edu,Male
982,Laura,Holmes,lholmesr9@engadget.com,Female
983,Mary,Ellis,mellisra@goo.ne.jp,Female
984,Victor,Mitchell,vmitchellrb@odnoklassniki.ru,Male
985,Thomas,George,tgeorgerc@linkedin.com,Male
986,Ashley,Baker,abakerrd@google.com.br,Female
987,Barbara,Howell,bhowellre@shareasale.com,Female
988,Jacqueline,Lopez,jlopezrf@buzzfeed.com,Female
989,Roger,Reid,rreidrg@friendfeed.com,Male
990,Betty,Walker,bwalkerrh@newsvine.com,Female
991,Daniel,Henry,dhenryri@baidu.com,Male
992,Rachel,Armstrong,rarmstrongrj@chronoengine.com,Female
993,Adam,Jones,ajonesrk@businesswire.com,Male
994,James,Reyes,jreyesrl@ucoz.ru,Male
995,Kathy,James,kjamesrm@plala.or.jp,Female
996,Jeremy,Larson,jlarsonrn@theatlantic.com,Male
997,Kelly,Morales,kmoralesro@gravatar.com,Female
998,Ann,Reynolds,areynoldsrp@imdb.com,Female
999,Margaret,Carpenter,mcarpenterrq@ucoz.com,Female
1000,Arthur,Richardson,arichardsonrr@alibaba.com,Male
